{
   "BodyPartExamined" : "",
   "ClinicalTrialSeriesID" : "",
   "ClinicalTrialTimePointID" : "",
   "ContentCreatorName" : "ePAD^3.2",
   "InstanceNumber" : "1",
   "SeriesDescription" : "ePAD Generated DSO Dec-29-0041",
   "SeriesNumber" : "1000",
   "segmentAttributes" : [
      [
         {
            "AnatomicRegionSequence" : {
               "CodeMeaning" : "Tissue",
               "CodeValue" : "T-D0050",
               "CodingSchemeDesignator" : "SRT"
            },
            "SegmentAlgorithmName" : "ePAD3.2",
            "SegmentAlgorithmType" : "SEMIAUTOMATIC",
            "SegmentDescription" : "Segment No.1 is for ...",
            "SegmentedPropertyCategoryCodeSequence" : {
               "CodeMeaning" : "Tissue",
               "CodeValue" : "T-D0050",
               "CodingSchemeDesignator" : "SRT"
            },
            "SegmentedPropertyTypeCodeSequence" : {
               "CodeMeaning" : "Tissue",
               "CodeValue" : "T-D0050",
               "CodingSchemeDesignator" : "SRT"
            },
            "labelID" : 1,
            "recommendedDisplayRGBValue" : [ 128, 174, 128 ]
         }
      ]
   ]
}
